id,nombre,apellido,email,edad,ciudad,pais
1,Juan,Pérez,juan.perez@ejemplo.com,32,Madrid,España
2,María,González,maria.gonzalez@ejemplo.com,28,Barcelona,España
3,Carlos,Rodríguez,carlos.rodriguez@ejemplo.com,45,Sevilla,España
4,Ana,Martínez,ana.martinez@ejemplo.com,35,Valencia,España
5,Pedro,Sánchez,pedro.sanchez@ejemplo.com,41,Bilbao,España
6,Laura,López,laura.lopez@ejemplo.com,29,Zaragoza,España
7,Miguel,Fernández,miguel.fernandez@ejemplo.com,38,Málaga,España
8,Sofía,Díaz,sofia.diaz@ejemplo.com,26,Murcia,España
9,David,Moreno,david.moreno@ejemplo.com,33,Valladolid,España
10,Elena,Álvarez,elena.alvarez@ejemplo.com,30,Alicante,España
11,Javier,Ruiz,javier.ruiz@ejemplo.com,42,Córdoba,España
12,Carmen,Jiménez,carmen.jimenez@ejemplo.com,37,Granada,España
13,Alberto,Hernández,alberto.hernandez@ejemplo.com,31,Vigo,España
14,Lucía,Torres,lucia.torres@ejemplo.com,27,Gijón,España
15,Roberto,Gutiérrez,roberto.gutierrez@ejemplo.com,39,Oviedo,España
16,Cristina,Romero,cristina.romero@ejemplo.com,34,Santander,España
17,Fernando,Serrano,fernando.serrano@ejemplo.com,43,Pamplona,España
18,Marta,Ortega,marta.ortega@ejemplo.com,25,San Sebastián,España
19,Alejandro,Molina,alejandro.molina@ejemplo.com,36,Almería,España
20,Natalia,Delgado,natalia.delgado@ejemplo.com,32,Burgos,España
21,Raúl,Castro,raul.castro@ejemplo.com,44,Salamanca,España
22,Isabel,Ortiz,isabel.ortiz@ejemplo.com,29,León,España
23,Pablo,Rubio,pablo.rubio@ejemplo.com,40,Tarragona,España
24,Beatriz,Marín,beatriz.marin@ejemplo.com,31,Lleida,España
25,Jorge,Núñez,jorge.nunez@ejemplo.com,35,Cádiz,España
26,Silvia,Medina,silvia.medina@ejemplo.com,28,Huelva,España
27,Daniel,Iglesias,daniel.iglesias@ejemplo.com,37,Badajoz,España
28,Raquel,Campos,raquel.campos@ejemplo.com,33,Jaén,España